source_filename,title,authors,journal,year,doi,page_count,word_count,abstract,html_path,json_path
1-s2.0-S1434841125002110-main.pdf,TimeBoost: Accelerating timing analysis engines using XGBoost,Anastasis Vagenas,AEUE - International Journal of Electronics and Communications,2025,10.1016/j.aeue.2025.155870,9,8533,"Timing analysis is an essential verification method for the design and optimization of integrated circuits, while it also constitutes the cornerstone of the final signoff. However, the increasing complexity of modern designs, driven by aggressive technology scaling, necessitates more efficient timing engines. In this article, we introduce TimeBoost, a novel learning-based approach for performance optimization of gate-level timing analysis. TimeBoost employs GPU-accelerated XGBoost classifiers to evaluate stage complexity and select the optimal timing analysis method, exploiting the available runtime and accuracy trade-off. Unlike prior works that predict timing directly, our approach ensures reliable and accurate timing estimation by leveraging timing analysis methods as prediction targets. Moreover, our models utilize representative electrical, topological, and gate features for each stage, which can be extracted with minimal effort. We assess several Machine Learning (ML) models, including XGBoost, Artificial Neural Networks, and K-Nearest Neighbors, and explore their different hyperparameters. Experimental evaluation on one million stages demonstrates that our MLbased approach achieves a runtime improvement of up to 3.86× over our best available method, imposing only a 3%–4% overhead to timing analysis while maintaining high accuracy. Thus, the proposed models can be integrated into signoff tools or timing-driven iterative optimization flows to expedite timing closure.",html/1-s2.0-S1434841125002110-main.html,metadata/meatdatagenerated/json/1-s2.0-S1434841125002110-main.json
1-s2.0-S1568494625014139-main.pdf,Complex network based machine learning method for predicting circuit timing,Tingyuan Nie,Applied Soft Computing,2026,10.1016/j.asoc.2025.114100,8,6294,"Due to the high cost of timing signoff in the routing stage of VLSI (very large-scale integration), timing analysis in the placement stage is usually used to assist the implementation. Still, uncertainty exists due to the lack of detailed wiring information. Considering the close relationship between signal propagation and circuit topology, we propose a machine-learning method to predict the circuit timing using complex network features and construct basic and augmented models for comparison. Firstly, in the placement stage, the fundamental circuit features related to timing optimization are extracted, and the complex network features on the timing path are computed by complex network modeling, based on which the dataset for machine learning is generated. Secondly, we use machine learning algorithms to compare the performance of the two models in predicting circuit timing. Experimental results show that the augmented model combining complex network features outperforms the basic model in timing prediction accuracy. The augmented model achieves a 12.5 % reduction in MSE (mean squared error) for predicting slack, reaching 0.004515. It also shows a 1.06 % improvement in R 2 , reaching 0.9314, and a 0.54 % improvement in r, reaching 0.9652. For predicting delay, the MSE is reduced by 11.69 %, reaching 0.000302, while R 2 improves by 0.03 % to 0.9973, and r improves by 0.02 % to 0.9987. The deviation in predicting WNS (worst negative slack) is reduced by 6.53 %, reaching 5.30 %, and for TNS (total negative slack), it is reduced by 1.59 %, reaching 12.38 %. The AUC (area under the ROC (receiver operating characteristic) curve) value for identifying critical paths increases by 0.26 %, reaching 0.9873. These results demonstrate the efficiency of the proposed method in utilizing complex network features for predicting circuit timing.",html/1-s2.0-S1568494625014139-main.html,metadata/meatdatagenerated/json/1-s2.0-S1568494625014139-main.json
1-s2.0-S1879239124002467-main.pdf,Knowledge transferring framework for cell library characterization,Zhengguang Tang,Microelectronics Journal,2025,10.1016/j.mejo.2024.106542,8,6872,"To evaluate digital circuit performance across PVT (process, voltage, and temperature) corners, standard cell library characterization requires costly simulations. Leveraging machine learning (ML) can improve the efficiency of this process. However, existing ML-based methods for cell library characterization often neglect the knowledge embedded across different timing arcs, leading to the need for extensive training data. In this paper, we propose a transfer learning (TL) framework to enhance timing characterization across multiple timing arcs. By quantifying the similarity among training tasks in the cell library using a fine-grained metric, our method enables rapid and accurate cell delay predictions through pre-training knowledge. Compared to conventional ML approaches, our TL framework improves both prediction accuracy and efficiency. Experimental results on 45 nm MOSFET and 14 nm FINFET technologies show significant error reductions of up to 80% and 67%, respectively.",html/1-s2.0-S1879239124002467-main.html,metadata/meatdatagenerated/json/1-s2.0-S1879239124002467-main.json
11.pdf,Accurate Interpolation of Library Timing Parameters Through Recurrent Convolutional Neural Network,"Daijoon Hyun , Member, IEEE, Younggwang Jung , Graduate Student Member, IEEE, and Youngsoo Shin , Fellow, IEEE",IEEE Transactions on Computer-Aided Design of Integrated Circuits and Systems,2024,10.1109/TCAD.2023.3316991,5,4090,"Interpolation is used to approximate the timing parameters of logic cells not specified in timing tables. Bilinear interpolation has been taken for granted in the industry, but the error increases as the nonlinearity of the timing parameters increases. In this article, we propose machine learning (ML)-based interpolation to obtain more accurate timing parameters. Recurrent convolutional neural network (R-CNN) is employed and various ranges of table entries form a sequence of input data, in which the recurrent network allows them to influence the interpolation. In addition, variational autoencoder (VAE) is used to capture the distribution feature of the table. ML interpolation is parallelized in GPU to minimize the runtime overhead from numerous arithmetic operations. Experimental results demonstrate that ML interpolation reduces timing parameter error by 19.7% and path delay error by 3.4% compared to bilinear interpolation at the cost of 13% runtime overhead.",html/11.html,metadata/meatdatagenerated/json/11.json
12.pdf,Dynamic Supply Noise Aware Timing Analysis With JIT Machine Learning Integration,"Yufei Chen, Graduate Student Member, IEEE, Zizheng Guo , Student Member, IEEE, Runsheng Wang , Member, IEEE, Ru Huang, Fellow, IEEE, Yibo Lin , Member, IEEE, and Cheng Zhuo , Senior Member, IEEE",IEEE Transactions on Computer-Aided Design of Integrated Circuits and Systems,2024,10.1109/TCAD.2023.3342603,14,12086,"The incessant decrease in transistor size has led to reduced voltage noise margins and exacerbated power integrity challenges. This trend intensifies concerns about the efficacy of conventional static timing analysis (STA), which traditionally assumes a constant power supply level, often resulting in imprecise and overly conservative outcomes. To address this, this article proposes a dynamic-noise-aware STA engine enhanced by just-in-time (JIT) machine learning (ML) integration. This approach employs the Weibull cumulative distribution function (CDF) to accurately represent dynamic power supply noise (PSN). We perform gate-level characterization, assessing delay and transition time for each timing arc under variations in input transition time, output capacitance, and three PSN-aware parameters. The timing for each timing arc can then be predicted by a multilayer perceptron (MLP), trained with the characterization data. Finally, by incorporating JIT compilation techniques, we integrate trained MLP models into the STA engine, achieving both computational efficiency and flexibility. Experimental results show that the proposed method can accurately estimate the timing fluctuation due to dynamic PSN, with an average relative error of 4.89% for single-cell estimations and 6.27% for path delay estimations.",html/12.html,metadata/meatdatagenerated/json/12.json
13.pdf,Enhancing cell delay accuracy in post-placed netlists using ensemble tree-based algorithms,Yassine Attaoui,Integration,2024,10.1016/j.vlsi.2024.102193,10,7632,"Nowadays, the ASIC design is increasing in complexity, and PPA targets are pushed to the limit. The lack of physical information at the early design stages hinders precise timing predictions and may lead to design re-spins. In previous work, we successfully improved timing prediction at the post-placement stage using the Random Forest model, achieving 91.25% cell delay accuracy. Building upon this, we further investigate the potential of Ensemble Tree-based algorithms, specifically focusing on ‘‘Extremely Randomized Trees’’ and ‘‘Gradient Boosting’’, to close the gap in cell delay accuracy. In this paper, we enrich the training dataset with new 16 nm industrial designs. The results demonstrate a substantial improvement, with an average cell delay accuracy of 92.01% and 84.26% on unseen data. The average Root-Mean-Square-Error is significantly reduced from 12.11 to 3.23 and 7.76 on unseen data.",html/13.html,metadata/meatdatagenerated/json/13.json
14.pdf,Fast and Accurate Aging-Aware Cell Timing Model via Graph Learning,"Yuyang Ye , Tinghuan Chen, Zicheng Wang , Hao Yan , Bei Yu , Senior Member, IEEE, and Longxing Shi",IEEE Transactions on Circuits and Systems II: Express Briefs,2024,10.1109/TCSII.2023.3298917,5,4311,"With transistors scaling down, aging effects become increasingly significant in circuit design. Thus, the aging-aware cell timing model is necessary for evaluating the aging-induced delay degradation and their impact on circuit performance. However, the tradeoff between accuracy and efficiency becomes a bottleneck in traditional methods. In this brief, we propose a fast and accurate aging-aware cell timing model via graph learning. The information of multi-typed devices on different arcs can be embedded by heterogeneous graph attention networks (H-GAT) and the embedded results help improve the accuracy of our aging-aware timing model. The experimental results indicate the proposed timing model can achieve high accuracy efficiently.",html/14.html,metadata/meatdatagenerated/json/14.json
15.pdf,Multi-View Graph Learning for Path-Level Aging-Aware Timing Prediction,"Aiguo Bu, Xiang Li, Zeyu Li and Yizhen Chen",As CMOS technology continues to scale down,2024,10.3390/electronics13173479,15,8274,"As CMOS technology continues to scale down, the aging effect—known as negative bias temperature instability (NBTI)—has become increasingly prominent, gradually emerging as a key factor affecting device reliability. Accurate aging-aware static timing analysis (STA) at the early design phase is critical for establishing appropriate timing margins to ensure circuit reliability throughout the chip lifecycle. However, traditional aging-aware timing analysis methods, typically based on Simulation Program with Integrated Circuit Emphasis (SPICE) simulations or aging-aware timing libraries, struggle to balance prediction accuracy with computational cost. In this paper, we propose a multi-view graph learning framework for path-level aging-aware timing prediction, which combines the strengths of the spatial–temporal Transformer network (STTN) and graph attention network (GAT) models to extract the aging timing features of paths from both timing-sensitive and workloadsensitive perspectives. Experimental results demonstrate that our proposed framework achieves an average MAPE score of 3.96% and reduces the average MAPE by 5.8 times compared to FFNN and 2.2 times compared to PNA, while maintaining acceptable increases in processing time.",html/15.html,metadata/meatdatagenerated/json/15.json
16.pdf,Multicorner Timing Analysis Acceleration for Iterative Physical Design of ICs,"Wei W. Xing , Member, IEEE, Longze Wang, Student Member, IEEE, Zhelong Wang, Student Member, IEEE, Zhaoyu Shi, Student Member, IEEE, Ning Xu, Member, IEEE, Yuanqing Cheng , Senior Member, IEEE, and Weisheng Zhao , Fellow, IEEE",IEEE Transactions on Computer-Aided Design of Integrated Circuits and Systems,2024,10.1109/TCAD.2024.3361401,12,9656,"We propose a multicorner multistage timing analysis prediction framework using a generalized linear model with latent features. We then further improve such methods using kernel trick extension, transfer learning with knowledge from previous designs, and multioutput feature engineering to deliver state-of-the-art (SOTA) prediction accuracy with very limited training data. Most importantly, our method is equipped with a Bayesian decision strategy to deliver reliable predictions with accuracy close to 100%, pushing the frontier of the machine-learning-based static timing analysis (STA) for practical implementation in the industry environment, where reliability is highly desired. Experimental results show that the accuracy of our proposed method outperforms the SOTA competitors by up to 4x and can improve prediction accuracy to 100% with little extra STA executions.",html/16.html,metadata/meatdatagenerated/json/16.json
17.pdf,Pre-route timing prediction and optimization with graph neural network models,Kyungjoon Chang,Integration,2024,10.1016/j.vlsi.2024.102262,13,12962,"In recent years, the application of deep learning (DL) models has sparked considerable interest in timing prediction within the place-and-route (P&R) flow of IC chip design. Specifically, at the pre-route stage, an accurate prediction of post-route timing is challenging due to the lack of sufficient physical information. However, achieving precise timing prediction significantly accelerates the design closure process, saving considerable time and effort. In this work, we propose pre-route timing prediction and optimization framework with graph neural network (GNN) models combined with convolution neural network (CNN). Our framework is divided into two main stages, each of which is further subdivided into smaller steps. Precisely, our GNNdriven arc delay/slew prediction model is divided into two levels: in level-1, it predicts net resistance (net R) and net capacitance (net C) using GNN while the arc length is predicted using CNN. These predictions are hierarchically passed on to level-2 where delay/slew is estimated with our GNN based prediction model. The timing optimization model utilizes the precise delay/slew predictions obtained from the GNN-driven prediction model to accurately set the path margin during the timing optimization stage. This approach effectively reduces unnecessary turn-around iterations in the commercial EDA tools. Experimental results show that by using our proposed framework in P&R, we are able to improve the pre-route prediction accuracy by 42%/36% on average on arc delay/slew, and improve timing metrics in terms of WNS, TNS, and the number of timing violation paths by 77%, 77%, and 64%, which are an increase of 32%/35% on arc delay/slew and 30%, 20% and 31% on timing optimization compared with the existing DL prediction model.",html/17.html,metadata/meatdatagenerated/json/17.json
18.pdf,Statistical static timing analysis via modern optimization lens: I. Histogram-based approach,Adam Bosák,Optimization and Engineering,2024,10.1007/s11081-023-09847-3,25,10569,,html/18.html,metadata/meatdatagenerated/json/18.json
19.pdf,TSTL-GNN: Graph-Based Two-Stage Transfer Learning for Timing Engineering Change Order Analysis Acceleration,"Wencheng Jiang, Zhenyu Zhao, Zhiyuan Luo, Jie Zhou, Shuzheng Zhang, Bo Hu and Peiyun Bian",Timing Engineering Change Order (ECO) is time-consuming in IC design,2024,10.3390/electronics13152897,13,7285,"Timing Engineering Change Order (ECO) is time-consuming in IC design, requiring multiple rounds of timing analysis. Compared to traditional methods for accelerating timing analysis, which focus on a specific design, timing ECO requires higher accuracy and generalization because the design changes considerably after ECO. Additionally, there are challenges with slow acquisition of data for large designs and insufficient data for small designs. To solve these problems, we propose TSTL-GNN, a novel approach using two-stage transfer learning based on graph structures. Significantly, considering that delay calculation relies on transition time, we divide our model into two stages: the first stage predicts transition time, and the second stage predicts delay. Moreover, we employ transfer learning to transfer the model’s parameters and features from the first stage to the second due to the similar calculation formula for delay and transition time. Experiments show that our method has good accuracy on open-source and industrial applications with an average R2score/MAE of 0.9952/13.36, and performs well with data-deficient designs. Compared to previous work, our model reduce prediction errors by 37.1 ps on the modified paths, which are changed by 24.27% on average after ECO. The stable R2 score also confirms the generalization of our model. In terms of time cost, our model achieved results for path delays consuming up to 80 times less time compared to open-source tool. Citation: Jiang, W.; Zhao, Z.; Luo, Z.; Zhou, J.; Zhang, S.; Hu, B.; Bian. P.",html/19.html,metadata/meatdatagenerated/json/19.json
20.pdf,Microsoft Word - 14---19557-贺旭C.doc,Administrator,第35 卷 第4 期 计算机辅助设计与图形学学报 Vol.35 No.4 2023 年4 月 Journal of Computer-Aided Design & Computer Graphics Apr. 2023,2023,10.3724/SP.J.1089.2023.19557,13,4317,,html/20.html,metadata/meatdatagenerated/json/20.json
21.pdf,A GPU-Accelerated Framework for Path-Based Timing Analysis,"Guannan Guo , Tsung-Wei Huang , Member, IEEE, Yibo Lin , Member, IEEE, Zizheng Guo , Sushma Yellapragada, and Martin D. F. Wong, Fellow, IEEE",IEEE Transactions on Computer-Aided Design of Integrated Circuits and Systems,2023,10.1109/TCAD.2023.3272274,14,11070,"As a key routine in static timing analysis (STA), path-based analysis (PBA) plays a very important role in refining the critical path report by reducing excessive slack pessimism. PBA is also well known for its long execution time, which makes it a hot topic for parallel computing in the STA community. However, nearly all of the parallel PBA algorithms are restricted to CPU architectures, which greatly limits their scalability. To achieve a new performance milestone on PBA, we must leverage the high throughput computing in the graphics processing unit (GPU). Therefore, in this work, we propose a new GPU-accelerated PBA framework which contains compact data structures and highly efficient kernels. By integrating with GPU-accelerated preprocessing steps, our framework can also effectively handle extensive critical path constraints. Besides, we highlight many optimization techniques that can overcome the execution bottleneck and further boost the performance. In experiments, we demonstrate 543× speed-up compared to the state-of-the-art PBA algorithm on the design with 1.6 million gates, which outperforms 25×–45× over the state-of-the-art parallel PBA algorithm on 40 CPU cores. A fully optimized framework can achieve 3×–5× speed-up on top of that.",html/21.html,metadata/meatdatagenerated/json/21.json
22.pdf,Accelerating Static Timing Analysis Using CPU&#x2013;GPU Heterogeneous Parallelism,"Zizheng Guo , Tsung-Wei Huang , Member, IEEE, and Yibo Lin , Member, IEEE",IEEE Transactions on Computer-Aided Design of Integrated Circuits and Systems,2023,10.1109/TCAD.2023.3286261,12,9495,"Static timing analysis (STA) is an essential yet time-consuming task during the circuit design flow to ensure the correctness and performance of the design. Thanks to the advancement of general-purpose computing on graphics processing units (GPUs), new possibilities and challenges have arisen for boosting the performance of STA. In this work, we present an efficient and holistic GPU-accelerated STA engine. We accelerate major STA tasks, including levelization, delay computation, graph propagation, and multicorner analysis, by developing high-performance GPU kernels and data structures. By dividing the STA workloads into CPU–GPU concurrent tasks with managed dependencies, our acceleration framework supports versatile incremental updates. Furthermore, we have extended our approach to multicorner analysis by exploring a large amount of corner-level data parallelism using GPU computing. Our implementation based on the open-source STA engine OpenTimer has achieved up to 4.07× speed-up on single corner analysis, and up to 25.67× speed-up on multicorner analysis on TAU 2015 contest designs and a 14-nm technology.",html/22.html,metadata/meatdatagenerated/json/22.json
23.pdf,Aging-Aware Critical Path Selection via Graph Attention Networks,"Yuyang Ye , Tinghuan Chen , Member, IEEE, Yifei Gao , Hao Yan , Member, IEEE, Bei Yu , Senior Member, IEEE, and Longxing Shi , Senior Member, IEEE",IEEE Transactions on Computer-Aided Design of Integrated Circuits and Systems,2023,10.1109/TCAD.2023.3276944,14,11530,"In advanced technology nodes, aging effects like negative and positive bias temperature instability (NBTI and PBTI) become increasingly significant, making timing closure and optimization more challenging. Unfortunately, conventional critical path (CP) selection tools used in reliability-aware design flow cannot accurately identify CPs under different aging conditions. To address this issue, we propose an aging-aware CP selection flow comprising two parts: 1) critical cell detection and 2) path criticality (PC) computation. We employ graph-attention (GAT) networks to predict the critical cells in the aged circuits, and a PC computation algorithm that takes into account circuitlevel and transistor-level parameters to generate PC rank lists. Our experimental results demonstrate that our GAT model outperforms classical machine learning models in detecting critical cells. Additionally, compared with the commercial tool, our agingaware flow achieves an average accuracy of 99.52%, 98.69%, and 97.20% for top-10%, top-5%, and top-1% path sets, respectively, in five industrial designs subjected to different aging conditions and workloads.",html/23.html,metadata/meatdatagenerated/json/23.json
24.pdf,Deep-learning cell-delay modeling for static timing analysis,Waseem Raslan,Ain Shams Engineering Journal,2023,10.1016/j.asej.2022.101828,8,6823,"Delay and transition timetables plus voltage waveforms are used to characterize standard cell delays. More accurate models explode cell library size and degrades design flow performance. Our proposed deep learning non-linear delay model, DL-NLDM, technique outperformed 77 NLDM-LUT in average percentage errors with up to 1.4% error compared to SPICE and outperformed the non-standard 100100 NLDM- LUT in maximum percentage errors. The proposed DL Autoencoder-based waveform compression outperformed singular value decomposition by 1.79. Additionally, a novel DL waveform-delay model, DL- WFDM, models cell delays using encoded waveforms instead of delay and transition time. DL-WFDM outperformed DL-NLDM in maximum delay percentage errors.  2022 The Authors. Published by Elsevier B.V. on behalf of Faculty of Engineering, Ain Shams University This is an open access article under the CC BY-NC-ND license (http://creativecommons.org/licenses/by-ncnd/4.0/).",html/24.html,metadata/meatdatagenerated/json/24.json
25.pdf,Machine learning application for cell delay accuracy improvement at post-placement stage: A case study for combinational cells,Yassine Attaoui,Integration,2023,10.1016/j.vlsi.2023.02.011,10,8051,"In the early VLSI design stages, as most interest is given to timing closure, various techniques are deployed to satisfy the timing constraints and close design timing. Nevertheless, timing still needs to be accurate at the early stages due to the lack of physical design information. Therefore, the challenge for most EDA Logic Synthesis engines is to improve the overall timing accuracy at higher levels of abstraction. In this paper, we shall reduce the error gap in Cell Delay estimation for a placed gate-level netlist. We will generate the post-placed netlist from two different Siemens EDA tools. The purpose is to improve the accuracy of the cell delays of Oasys-RTL Synthesis tool, based on accurate cell delays from Aprisa PnR. We have trained and tested various Machine Learning models on several 16 nm designs. We achieved the highest accuracy using the Random Forest model, where the average accuracy is 91.25%. Furthermore, as the accuracy of the Cell delay is improved, the average Root-Mean-Square-Error (RMSE) is reduced from 16.958 to 4.469.",html/25.html,metadata/meatdatagenerated/json/25.json
26.pdf,AVATAR: An Aging- and Variation-Aware Dynamic Timing Analyzer for Error-Efficient Computing,"Zuodong Zhang , Zizheng Guo , Yibo Lin , Member, IEEE, Meng Li, Member, IEEE, Runsheng Wang , Member, IEEE, and Ru Huang, Fellow, IEEE",IEEE Transactions on Computer-Aided Design of Integrated Circuits and Systems,2023,10.1109/TCAD.2023.3255167,13,11132,"As the timing guardband consumes more and more design margin with the technology scaling, better-than-worst-case (BTWC) techniques have gained more attention as a promising solution. BTWC techniques can relax the design margin by transcending the pessimistic static timing constraints and utilizing the dynamic timing information. However, to guarantee the design reliability throughout the lifetime, the conventional dynamic timing analysis (DTA) engines need an extra reliability guardband, which is commonly evaluated under the worst-case corners of aging and variation. This type of guardbanding consumes the precious design margin, thus hindering the efficiency improvement from BTWC techniques. Therefore, in this article, we propose AVATAR, an aging- and variation-aware dynamic timing analyzer that can perform DTA with the impact of transistor aging and random process variation, including the gate-level aging analysis and random variation model that can accurately calculate cell delay under the impact of transistor aging and random variation, and an event-based DTA algorithm that avoids the pessimistic property of graph-based analysis. We also propose a machine learning (ML)-assisted DTA acceleration flow for the multicycle DTA of homogeneous multicore designs. We present two case studies using AVATAR to show its effectiveness. First, we present an application-based dynamic-voltage-frequency-scaling (DVFS) design methodology based on AVATAR, which can exploit application-level dynamic timing slack (DTS) to improve energy efficiency and performance. The results demonstrate that, compared to the design based on the conventional corner-based DTA, the additional performance improvement of the design based on AVATAR can be up to 14% or the additional power-saving can be up to 20%. Second, we demonstrate using the proposed ML-assisted acceleration flow for reliability-aware deep neural network (DNN) accelerator simulation. We use the proposed flow to estimate the impact of timing errors due to aging and random Manuscript received 28 September 2022; revised 9 January 2023; accepted 3 March 2023. Date of publication 9 March 2023; date of current version 20 October 2023. This work was supported in part by the National Key Research and Development Program under Grant 2020YFB2205500; in part by NSFC under Grant 62125401, Grant 62141404, and Grant 62034007; and in part by the 111 Project under Grant B18001. This preliminary version, titled “AVATAR: An Aging- and Variation-Aware Dynamic Timing Analyzer for Application-based DVAFS,” has been presented at the Design Automation Conference (DAC) in 2022 [DOI: 10.1145/3489517.3530530]. This article was recommended by Associate Editor C. Maneux. (Corresponding authors: Yibo Lin; Meng Li.) Zuodong Zhang and Zizheng Guo are with the School of Integrated Circuits, Peking University, Beijing 100871, China. Yibo Lin, Runsheng Wang, and Ru Huang are with the School of Integrated Circuits and the Institute of Electronic Design Automation, Peking University, Wuxi 214028, China, and also with the Beijing Advanced Innovation Center for Integrated Circuits, Beijing 100871, China (e-mail: yibolin@pku.edu.cn). Meng Li is with the School of Integrated Circuits and the Institute for Artificial Intelligence, Peking University, Beijing 100871, China (e-mail: meng.li@pku.edu.cn). Digital Object Identifier 10.1109/TCAD.2023.3255167",html/26.html,metadata/meatdatagenerated/json/26.json
27.pdf,Early RTL delay prediction using neural networks,Daniela Sánchez Lopera,Microprocessors and Microsystems,2022,10.1016/j.micpro.2022.104671,11,10308,"Nowadays, the digital chip design flow starts with formal specifications, which are mapped to Register Transfer Level (RTL) models using different underlying (micro-) architectures. By doing so, a hardware designer predicts and resolves time-critical parts to achieve an RTL-design that meets all constraints after synthesis. However, wrong predictions can be detected only later in the design flow, thus leading to long design iterations. Classical methods estimating delay in early design stages are constrained to the type of components or are computationally expensive for larger designs. This paper proposes a machine learningbased approach to estimate pin-to-pin delays for RTL combinational circuits. To improve the quality of the predictions we combine slew and delay estimation. To that end, training data are built using features of components generated by a model-driven hardware generator framework. Ground truth labels for delays, slews, and their interdependencies are extracted using open-source tools for logic synthesis and static timing analysis. Two different datasets are built: one targeting logic gates and multiplexers and an enlarged one, which generalizes to more RTL primitives A model trained using the former dataset achieves, on average, a coefficient of determination R2 of 87% when evaluating over 4-bit prefix adders. Using the enlarged dataset, the best model reaches an R2 of 77%. On average, our models are 8.4× faster w.r.t the time required to run synthesis and timing analysis. Results show that generalizing to more primitives decreases the models’ performance, but the runtime benefit is maintained. Based on the delay estimation, critical areas of the design can be detected and proper microarchitecture decisions can be taken earlier and faster in the design flow.",html/27.html,metadata/meatdatagenerated/json/27.json
28.pdf,Machine-Learning-Based Multi-Corner Timing Prediction for Faster Timing Closure,"Zhenyu Zhao, Shuzheng Zhang, Guoqiang Liu, Chaochao Feng, Tianhao Yang, Ao Han and Lei Wang",For the purpose of fixing timing violations,2022,10.3390/electronics11101571,15,8424,"For the purpose of fixing timing violations, static timing analysis (STA) of full-corners is repeatedly executed, which is time-consuming. Given a timing path, timing results at some corners (“dominant corners”) are utilized to predict timing at other corners (“non-dominant corners”), which can greatly shorten the runtime of STA. However, the huge number of combinations of the dominant corners and the wide difference in prediction accuracy make it difficult to apply multi-corner timing prediction to chip industrial design. In this paper, we propose a dominant corner selection strategy to quickly determine the dominant corner combination with high prediction accuracy, along with which a new multi-corner timing prediction process is established to speed up STA. Experimental results show that our method can not only effectively accelerate STA, but also ensure the high prediction accuracy of the prediction timing. On the public ITC’99 benchmark, the prediction accuracy of the dominant corner combination selected by the proposed method is up to 98.2%, which is an improvement of 15% compared to the state-of-the-art method. For industrial application, we apply our method by using timing results on only 2 dominant corners to predict the other 12 non-dominant corners, which accelerates the runtime of the timing closure process by more than 2×. Citation: Zhao, Z.; Zhang, S.; Liu, G.; Feng, C.; Yang, T.; Han, A.; Wang, L.",html/28.html,metadata/meatdatagenerated/json/28.json
29.pdf,Preplacement Net Length and Timing Estimation by Customized Graph Neural Network,"Zhiyao Xie , Rongjian Liang , Xiaoqing Xu, Member, IEEE, Jiang Hu, Fellow, IEEE, Chen-Chia Chang, Jingyu Pan , Graduate Student Member, IEEE, and Yiran Chen , Fellow, IEEE",IEEE Transactions on Computer-Aided Design of Integrated Circuits and Systems,2022,10.1109/TCAD.2022.3149977,14,12787,"Net length is a key proxy metric for optimizing timing and power across various stages of a standard digital design flow. However, the bulk of net length information is not available until cell placement, and hence, it is a significant challenge to explicitly consider net length optimization in design stages prior to placement, such as logic synthesis. In addition, the absence of net length information makes accurate preplacement timing estimation extremely difficult. Poor predictability on the timing not only affects timing optimizations but also hampers the accurate evaluation of synthesis solutions. This work addresses these challenges by a preplacement prediction flow with estimators on both net length and timing. We propose a graph attention network (GAT) method with customization, called Net2, to estimate individual net length before cell placement. Its accuracy-oriented version Net2a achieves about 15% better accuracy than several previous works in identifying both long nets and long critical paths. Its fast version Net2f is more than 1000× faster than placement while still outperforms previous works and other neural network techniques in terms of various accuracy metrics. Based on net size estimations, we propose the first machine learning-based preplacement timing estimator. Compared with the preplacement timing report from commercial tools, it improves the correlation coefficient in arc delays by 0.08, and reduces the mean absolute error in slack, worst negative slack, and total negative slack estimations by more than 50%.",html/29.html,metadata/meatdatagenerated/json/29.json
30.pdf,Timing analysis algorithm using a neural network under PVT variations,Yan Liu,Microelectronics Journal,2022,10.1016/j.mejo.2022.105480,5,4068,"Process-voltage-temperature variations result in an increase in logic gate delays, which further lead to timing violations. Because of the computational complexity of the operators such as max and sum in statistical static timing analysis, this paper proposes a timing analysis algorithm using neural network to evaluate circuit timing under the PVT variations. In the proposed algorithm, a neural network method is applied to model the mean or standard deviation of the gate delay. Then, a viability analysis method is introduced to recognize the true critical path. The simulation results on ISCAS89 benchmarks illustrate that compared with SPICE Monte Carlo simula tion, the error in the mean calculated by the proposed algorithm is less than 2%, and the error in the standard deviation is less than 3.64%. In addition, for s298, s344, s832, s1238 and s13207, the viability analysis algorithm achieves 1.04X, 1.01X, 2.77X, 1.62X and 4.48X speedup over full path search, respectively.",html/30.html,metadata/meatdatagenerated/json/30.json
31.pdf,Timing Analysis and Optimization Method with Interdependent Flip-Flop Timing Model for Near-Threshold Design,"Peng Cao, Yuan Qin and Haiyang Jiang",Near-threshold Voltage (NTV) design is receiving wide attention due to remarkable energy efficiency improvement at the cost of performance degradation. The interdependency between the setup–hold time and clock-to-q delay of flip-flops has been exploited in the Super-threshold Voltage (STV) domain to improve circuit performance but faces the severe challenge of nonlinear relationship and wider effective coverage in the NTV region,2022,10.3390/electronics11223670,13,7162,"Near-threshold Voltage (NTV) design is receiving wide attention due to remarkable energy efficiency improvement at the cost of performance degradation. The interdependency between the setup–hold time and clock-to-q delay of flip-flops has been exploited in the Super-threshold Voltage (STV) domain to improve circuit performance but faces the severe challenge of nonlinear relationship and wider effective coverage in the NTV region, which prevents the application of interdependent flip-flop model for timing analysis and optimization for NTV design. In this paper, a novel interdependent flip-flop timing model is proposed by Artificial Neural Network (ANN) to predict the clock-to-q delay with training data generated by SPICE simulation in a restricted hexagonal area of the two-dimensional setup-hold time space. By integrating the proposed model into Static Timing Analysis (STA) flow, a novel iterative optimization method is proposed to improve performance for NVT circuits based on a Genetic Algorithm (GA). The proposed timing analysis and optimization method were validated under Semiconductor Manufacturing International Corporation (SMIC) 40 nm process at the voltage of 0.6 V with the International Symposium on Circuits and Systems (ISCAS)’89 benchmark circuits. Experimental results demonstrate that the ANN-based interdependent timing model for flip-flop achieves considerable accurate prediction with the Mean Absolute Relative Error (MARE) of less than 0.69%. The minimum clock periods for ISCAS’89 benchmark circuits are reduced by 1.70~6.28% compared to traditional STA results without any setup and hold violations and hardware cost, which achieves at most 6.7% performance improvement for NTV design. 2022, 11, 3670. https://doi.org/ 10.3390/electronics11223670",html/31.html,metadata/meatdatagenerated/json/31.json
32.pdf,Statistical gate-delay modeling with copulas,Walter Schneider,Microelectronics Journal,2020,10.1016/j.mejo.2020.104938,10,6662,"The growing impact of process variations on circuit performance has become a major concern for deep-submicron integrated circuit design, resulting in numerous SSTA-algorithms. The acceptance of such algorithms in industry however will be dependent on modeling the real silicon behavior in SSTA. This includes that the statistical gate-delay models must consider arbitrary process variations and dependencies. In this paper, we introduce the innovative concept of Copulas to handle this topic. A complete Matlab based framework starting from process parameter statistics up to the computation of the statistical gate-delay distribution is presented. Experimental results demonstrate the importance of accounting realistic process variations.",html/32.html,metadata/meatdatagenerated/json/32.json
33.pdf,"electronics Article Novel Prediction Framework for Path Delay Variation Based on Learning Method Jingjing Guo , Peng Cao , Zhaohao Sun, Bingqian Xu, Zhiyuan Liu and Jun Yang *",,,2019,10.3390/electronics9010157,11,5999,"Path delay variation becomes a serious concern in advanced technology, especially for multi-corner conditions. Plenty of timing analysis methods have been proposed to solve the issue of path delay variation, but they mainly focus on every single corner and are based on a characterized timing library, which neglects the correlation among multiple corners, resulting in a high characterization effort for all required corners. Here, a novel prediction framework is proposed for path delay variation by employing a learning-based method using back propagation (BP) regression. It can be used to solve the issue of path delay variation prediction under a single corner. Moreover, for multi-corner conditions, the proposed framework can be further expanded to predict corners that are not included in the training set. Experimental results show that the proposed model outperforms the traditional Advanced On-Chip Variation (AOCV) method with 1.4X improvement for the prediction of path delay variation for single corners. Additionally, while predicting new corners, the maximum error is 4.59%, which is less than current state-of-the-art works.",html/33.html,metadata/meatdatagenerated/json/33.json
34.pdf,NN-SSTA: A deep neural network approach for statistical static timing analysis,M. Amin Savari,Expert Systems With Applications,2020,10.1016/j.eswa.2020.113309,20,13960,"Discrete statistical static timing analysis (SSTA) performs the timing analysis by using statistical maximum and convolution operations. The maximum is basically a non-linear operator and it is not a simple task to capture the skewness introduced by it. On the other hand, the convolution has a potential to “blow-up” the number of discrete samples as we going deep inside the timing graph and hence, results in exponential timing complexity. Therefore, in this paper we present novel deep neural network based operations which can accurately approximate the signal arrival-time’s distributions with linear-time complexity. The various deep neural network (DNN) architectures have been used to implement both the maximum and the convolution operations using proper training dataset. Simulation results on various benchmark circuits (ISCAS 85, ISCAS 89, and ITC 99) show that the proposed method estimate the mean and standard deviation (STD) of critical path delay distribution with an average error of 0.75% and 2.56% as compared to Monte Carlo (MC), respectively. Our SSTA speeds up the traditional discrete approach by a factor of 20.7x on average. Furthermore, the PDF obtained from our method matches the ones obtained from MC with a reasonable error. Furthermore, we have proposed multi-wise maximum operations to reduce the arrival-time computational complexity at multi-inputs gates. Comparing to MC, the proposed method shows 0.97% and 2.58% average error in mean and STD respectively and the speeding up factor reaches 24.4x on average for all benchmarks. © 2020 Elsevier Ltd. All rights reserved.",html/34.html,metadata/meatdatagenerated/json/34.json
35.pdf,Adjacency criticality: a simple yet effective metric for statistical timing yield optimisation of digital integrated circuits,ISSN 1751-858X Received on 24th December 2018 Revised 3rd April 2019 Accepted on 7th May 2019 E-First on 22nd October 2019 doi: 10.1049/iet-cds.2018.5616 www.ietdl.org,IET Circuits,2019,10.1049/iet-cds.2018.5616,9,8981,"As CMOS devices become smaller, process variations-induced uncertainty imposes a large spread in the circuit timing and therefore, it becomes one of the main issues for circuit yield. To analyse/optimise the timing of the circuit under process variation effects, statistical analysis/optimisation techniques are more suitable than the traditional static analysis/ optimisation counterparts. Statistical gate sizing is an effective technique that is widely used to guide the timing yield improvement of digital circuits. Gate criticality, defined as the probability that a gate lies on a critical path, forms the basis for many of the existing statistical gate sizing techniques. Here, the authors introduce adjacency criticality to address the drawbacks of the conventional definition of gate criticality. It is defined as the probability of manufacturing a chip in which the gate lies on the critical path due to process variation considering the effect of the gates in its fan-out cone. Furthermore, the authors present the levelised Adjacency Criticality metric which provides a trade-off between the runtime of the criticality metric and accuracy of the Adjacency Criticality metric. In order to show the efficacy of the proposed metric, an adjacency criticalitybased statistical gate sizing method is presented for improving timing yield of the circuit.",html/35.html,metadata/meatdatagenerated/json/35.json
36.pdf,An Analytical Gate Delay Model in Near/Subthreshold Domain Considering Process Variation,,IEEE Access,2019,10.1109/ACCESS.2019.2955091,10,6523,,html/36.html,metadata/meatdatagenerated/json/36.json
37.pdf,Calculated Risks: Quantifying Timing Error Probability With Extended Static Timing Analysis,"Kevin E. Murray , Student Member, IEEE, Andrea Suardi, Vaughn Betz, Senior Member, IEEE, and George Constantinides, Senior Member, IEEE",IEEE Transactions on Computer-Aided Design of Integrated Circuits and Systems,2019,10.1109/TCAD.2018.2821563,14,11708,"Timing analysis is a key step in the digital design process. By modeling device delay variations statistical static timing analysis (SSTA) reduces pessimism compared to traditional static timing analysis (STA). However, it ignores the circuit’s logic which causes some timing paths to never, or only rarely, be sensitized. We introduce a general timing analysis approach and tool to calculate the probability that individual timing paths are sensitized, enabling the calculation of bounding delay distributions over all input combinations. We show how this analysis is related to the well-known #SAT problem and present approaches to improve scalability, achieving, on average, results 75% to 37% less pessimistic than STA while running 569 to 16 times faster than Monte-Carlo timing simulation.",html/37.html,metadata/meatdatagenerated/json/37.json
38.pdf,Potential Critical Path Selection Based on a Time-Varying Statistical Timing Analysis Framework,"P. R. Chithira , Student Member, IEEE, and Vinita Vasudevan, Member, IEEE",IEEE Transactions on Very Large Scale Integration (VLSI) Systems,2019,10.1109/TVLSI.2019.2893020,12,10149,"Negative bias temperature instability along with the presence of process variations has resulted in time-varying path criticalities. To ensure reliable circuit operation, aging sensors are used at the end of potential critical paths (PCPs) for delay monitoring. Optimization of the number of delay sensors requires accurate computational models for prediction of criticality and selection of PCPs. We identify a path as a PCP if its maximum global criticality over the lifetime exceeds a certain threshold. However, the global criticality of a path could vary nonmonotonically over the lifetime of the device. In this paper, we propose a framework for time-varying statistical static timing analysis (TV-SSTA), wherein the circuit delay is obtained as a collection of time-varying canonicals with breakpoints in time which define the end of validity of one and the start of the next canonical. We show that the global criticality of any path will be maximum either at t = 0 or at these breakpoints. Hence, criticality computation and PCP selection need to be done only at these time points, which typically is less than four. The TV-SSTA is integrated with a previously proposed criticality computation technique to identify the PCPs and the results are validated against Monte Carlo simulations.",html/38.html,metadata/meatdatagenerated/json/38.json
39.pdf,20_01.dvi,,IPSJ Transactions on System LSI Design Methodology Vol.11 2–15 (Feb. 2018),2018,10.2197/ipsjtsldm.11.2,14,12931,"In advanced technology nodes, transistors and interconnects with shrinking physical dimensions suffer large process variations during manufacturing and are prone to reliability issues. These underlying changes require an overhaul of the design methodologies for digital circuits. In this paper, we provide an overview of techniques introduced recently to analyze the effect of uncertainty in manufacturing and reliability issues of devices due to the diminishing feature size. These techniques range from variation/aging modeling to circuit-level analysis. In addition, active techniques to counter these effects, such as clock skew tuning and voltage tuning are also covered in this paper.",html/39.html,metadata/meatdatagenerated/json/39.json
40.pdf,untitled,,"2668 IEEE TRANSACTIONS ON VERY LARGE SCALE INTEGRATION (VLSI) SYSTEMS, VOL. 25, NO. 9, SEPTEMBER 2017",2017,,5,5270,"In this brief, we propose an effective adaptation of viability analysis in statistical static timing analysis. The adaption benefits well from a dynamic programming implementation of the viability function. For a rapid identification of statistical longest true paths, the technique makes use of a fast preprocessing step identifying the gates with a small probability of being viable in the circuit, and a number of simple optimization techniques. This makes the approach fast without lowering its accuracy. The efficacy of the proposed statistical timing analysis is assessed using ISCAS benchmark circuits and carry skip adders. The results show that the proposed technique leads to, on average, 18× higher speed compared to those of the state-of-the-art technique. This improvement is achieved at the cost of −1.7% precision lost compared to that of the Monte-Carlo method.",html/40.html,metadata/meatdatagenerated/json/40.json
41.pdf,Stochastic logical effort as a variation aware delay model to estimate timing yield,Alp Arslan Bayrakci,Integration,2014,10.1016/j.vlsi.2014.07.003,8,7488,"Article history: Received 18 July 2013 Received in revised form 27 July 2014 Accepted 29 July 2014 Available online 8 August 2014 Considerable effort has been expended in the EDA community during the past decade in trying to cope with the so-called statistical timing problem. In this paper, we not only present a fast and approximate gate delay model called stochastic logical effort (SLE) to capture the effect of statistical parameter variations on the delay but also combine this model with a previously proposed transistor level smart Monte Carlo method to construct ISLE timing yield estimator. The results demonstrate that our approximate SLE model can capture the delay variations and ISLE achieves the same accuracy as the standard Monte Carlo estimator with a cost reduction of about 180  on the average for ISCAS’85 benchmark circuits and in the existence of both inter- and intra-die variations. & 2014 Elsevier B.V. All rights reserved.",html/41.html,metadata/meatdatagenerated/json/41.json
42.pdf,A gate-delay model focusing on current fluctuation over wide range of process–voltage–temperature variations,Ken-ichi Shinkai,Integration,2013,10.1016/j.vlsi.2013.01.003,14,11774,"Article history: Received 20 February 2011 Received in revised form 14 September 2012 Accepted 19 January 2013 Available online 5 February 2013 This paper proposes a gate-delay model suitable for timing analysis that takes into consideration wideranging process–voltage–temperature (PVT) variations. The proposed model translates an outputcurrent fluctuation due to PVT variations into modifications of the output load and input waveform. After translation, any conventional model can compute delay taking into account PVT variations by using the modified output load and reshaped input waveform. Experimental results with 90- and 45-nm technologies demonstrate that the average error of the fall and rise delay estimation in single- and multi-stage gates was approximately 5% on average over a wide range of input slews, output loads, and PVT variations. The proposed model can be used in Monte Carlo STA (static timing analysis) in addition to corner-based timing analysis. It can be also used in statistical STA to calculate the sensitivities of delays to variation parameters on-the-fly even when the nominal operating condition changes as well. & 2013 Elsevier B.V. All rights reserved.",html/42.html,metadata/meatdatagenerated/json/42.json
43.pdf,On Timing Model Extraction and Hierarchical Statistical Timing Analysis,"Bing Li, Ning Chen, Yang Xu, and Ulf Schlichtmann, Member, IEEE",IEEE Transactions on Computer-Aided Design of Integrated Circuits and Systems,2013,10.1109/TCAD.2012.2228305,14,14867,"In this paper, we investigate the challenges of applying statistical static timing analysis in hierarchical design flow, where modules supplied by IP vendors are used to hide design details for IP protection and to reduce the complexity of design and verification. For the three basic circuit types, combinational, flip-flop-based, and latch-controlled, we propose methods for extracting timing models that contain interfacing and compressed internal constraints. Using these compact timing models, the runtime of full-chip timing analysis can be reduced, while circuit details from IP vendors are not exposed. We also propose a method for reconstructing correlation between modules during full-chip timing analysis. This correlation cannot be incorporated into timing models because it depends on the layout of the corresponding modules in the chip. In addition, we investigate how to apply the extracted timing models with the reconstructed correlation to evaluate the performance of the complete design. Experiments demonstrate that using the extracted timing models and reconstructed correlation full-chip timing analysis can be several times faster than applying the flattened circuit directly, while the accuracy of statistical timing analysis is still well maintained.",html/43.html,metadata/meatdatagenerated/json/43.json
44.pdf,The Impact of BTI Variations on Timing in Digital Logic Circuits,"Jianxin Fang and Sachin S. Sapatnekar, Fellow, IEEE",IEEE Transactions on Device and Materials Reliability,2013,10.1109/TDMR.2013.2237910,10,8515,"A new framework for analyzing the impact of bias temperature instability (BTI) variations on timing in large-scale digital logic circuits is proposed in this paper. This approach incorporates both the reaction–diffusion model and the chargetrapping model for BTI and embeds these into a temporal statistical static timing analysis framework capturing process variations and path correlations. Experimental results on 32-, 22-, and 16-nm technology models, which were verified through Monte Carlo simulation, confirm that the proposed approach is fast, accurate, and scalable and indicate that BTI variations make a significant contribution to circuit-level timing variations.",html/44.html,metadata/meatdatagenerated/json/44.json
45.pdf,Delay-correlation-aware SSTA based on conditional moments,Zeqin Wu,Microelectronics Journal,2012,10.1016/j.mejo.2012.01.003,11,8295,"Article history: Received 28 June 2011 Received in revised form 5 January 2012 Accepted 6 January 2012 Available online 25 January 2012 Corner-based Timing Analysis (CTA) becomes more and more pessimistic as feature size shrinks. This trend has motivated the development of Statistical Static Timing Analysis (SSTA). In this paper, we propose a new path-based SSTA framework that allows the estimation of path delay distributions and delay correlations by propagating iteratively mean and variance of cell delay. These moments, conditioned on input slope and output load values, are pre-characterized by an improved method: log-logistic distribution based input signals and inverters as output load. In applications, the delay gains of this SSTA framework with respect to CTA are shown to be significant. It is also highlighted that the discrepancy of critical paths orderings obtained by SSTA and CTA depends on two factors: cell-tocell delay correlation and standard deviation of cell delay. & 2012 Elsevier Ltd. All rights reserved.",html/45.html,metadata/meatdatagenerated/json/45.json
46.pdf,Utilizing interdependent timing constraints to enhance robustness in synchronous circuits,E. Salman,Microelectronics Journal,2011,10.1016/j.mejo.2011.11.005,9,7779,"Article history: Received 24 July 2011 Received in revised form 15 November 2011 Accepted 16 November 2011 Available online 3 December 2011 Interdependent setup-hold times are exploited during the design process to improve the robustness of a circuit. Considering this interdependence only during static timing analysis (STA), as demonstrated in the previous work, is insufficient to fully exploit the capabilities offered by interdependence. This result is due to the strong dependence of STA results on the specific circuit, cell library, and operating frequency. Interdependence is evaluated in this paper for several technologies to determine the overall reduction in delay uncertainty rather than improvements in STA. Reducing delay uncertainty produces a more robust synchronous circuit. The increasing efficacy of interdependence in deeply scaled technologies is also demonstrated by investigating the effect of technology scaling on interdependent timing constraints. & 2011 Elsevier Ltd. All rights reserved.",html/46.html,metadata/meatdatagenerated/json/46.json
47.pdf,Fast Statistical Static Timing Analysis Using Smart Monte Carlo Techniques,"Vineeth Veetil, Kaviraj Chopra, David Blaauw, Senior Member, IEEE, and Dennis Sylvester, Fellow, IEEE",IEEE Transactions on Computer-Aided Design of Integrated Circuits and Systems,2011,10.1109/TCAD.2011.2108030,14,12344,"In this paper, we propose a stratification+hybrid quasi Monte Carlo (SH-QMC) approach to improve the efficiency of Monte Carlo-based statistical static timing analysis (SSTA) using sample size reduction. Sample size reduction techniques proposed in the literature exhibit a tradeoff between accuracy of the Monte Carlo estimate with fewer samples and their ability to handle large number of variables in multidimensional space. This paper proposes to target several such techniques to different sets of process variation variables by using information about the importance of these variables to the circuit delay, and the capability of the techniques to handle multiple dimensions. Simulations on benchmark circuits up to 90 K gates show that the proposed method requires up to 224 samples for varying levels of process variation to achieve accurate timing estimates. Results also show that when SH-QMC is performed with multiple parallel threads on a quad-core processor, the approach is faster than traditional SSTA with comparable accuracy. When the proposed SH-QMC technique is supplemented with a graph pruning method the runtime is further reduced by 46–48% on average. The technique is also extended to include an incremental approach to recompute a percentile delay metric after engineering change order.",html/47.html,metadata/meatdatagenerated/json/47.json
48.pdf,FA-STAC: An Algorithmic Framework for Fast and Accurate Coupling Aware Static Timing Analysis,"Debasish Das, Student Member, IEEE, Ahmed Shebaita, Hai Zhou, Senior Member, IEEE, Yehea Ismail, Senior Member, IEEE, and Kip Killpack",IEEE Transactions on Very Large Scale Integration (VLSI) Systems,2011,10.1109/TVLSI.2009.2035323,14,10627,"This paper presents an algorithmic framework for fast and accurate static timing analysis considering coupling. With technology scaling to smaller dimensions, the impact of coupling induced delay variations can no longer be ignored. Timing analysis considering coupling is iterative, and can have considerably larger run-times than a single pass approach. We propose two different classes of coupling delay models: heuristic-based coupling model and current source-based coupling model, and present techniques to increase the convergence rate of timing analysis when such coupling models are employed. Our proposed coupling model show promising accuracy improvements compared to SPICE. Experimental results on ISCAS85 benchmarks validates the effectiveness of our efficient iteration scheme. Our iteration algorithm obtained speedups of up to 62.1% using a heuristic coupling model while 2.7 using a current-based coupling model in comparison to traditional approaches.",html/48.html,metadata/meatdatagenerated/json/48.json
49.pdf,doi:10.1016/j.vlsi.2008.10.002,Cristiano Forzan; Davide Pandini,"INTEGRATION, the VLSI journal 42 (2009) 409–435",2009,,27,26938,"As the device and interconnect physical dimensions decrease steadily in modern nanometer silicon technologies, the ability to control the process and environmental variations is becoming more and more difficult. As a consequence, variability is a dominant factor in the design of complex system-onchip (SoC) circuits. A solution to the problem of accurately evaluating the design performance with variability is statistical static timing analysis (SSTA). Starting from the probability distributions of the process parameters, SSTA allows to accurately estimating the probability distribution of the circuit performance in a single timing analysis run. An excellent survey on SSTA was recently published [D. Blaauw, K. Chopra, A. Srivastava, L. Scheffer, Statistical timing analysis: from basic principles to state of the art, IEEE Trans. Computer-Aided Design 27 (2008) 589–607], where the authors presented a general overview of the subject and provided a comprehensive list of references. The purpose of this survey is complementary with respect to Blaauw et al. (2008), and presents the reader a detailed description of the main sources of process variation, as well as a more in-depth review and analysis of the most important algorithms and techniques proposed in the literature that have been applied for an accurate and efficient statistical timing analysis. & 2008 Elsevier B.V. All rights reserved.",html/49.html,metadata/meatdatagenerated/json/49.json
50.pdf,Slack in static timing analysis,J. Vygen,IEEE Transactions on Computer-Aided Design of Integrated Circuits and Systems,2006,10.1109/TCAD.2005.858348,10,10956,"The notion of slack is central in static timing analysis and very large scale integration (VLSI) design in general. Negative slack means that a timing constraint is violated, while a positive slack of x ps is intended to mean that an extra delay of x ps (or a smaller delay by x ps in early mode) could be tolerated. However, this property does not hold with the standard static timing analysis model. The paper defines slack properly, shows how to compute it efficiently, and proves that it has the intended properties. The proposed idea is based on enhanced slew propagation.",html/50.html,metadata/meatdatagenerated/json/50.json
3626959.pdf,A Machine Learning Approach to Improving Timing Consistency between Global Route and Detailed Route,,ACM Trans. Des. Autom. Electron. Syst. 2024.29:1-25,2024,10.1145/3626959,26,15006,,html/3626959.html,metadata/meatdatagenerated/json/3626959.json
3780100.pdf,Efficient Timing Prediction and Optimization Using Derivable Gradient Boosting Machine Model at Placement Stage,,ACM Trans. Des. Autom. Electron. Syst. 0.0,2026,10.1145/3780100,21,10982,,html/3780100.html,metadata/meatdatagenerated/json/3780100.json
automation-06-00020.pdf,Pre-Routing Slack Prediction Based on Graph Attention Network,"Jinke Li, Jiahui Hu, Yue Wu and Xiaoyan Yang",Static Timing Analysis (STA) plays a crucial role in realizing timing convergence of integrated circuits. In recent years,2025,10.3390/automation6020020,15,7350,"Static Timing Analysis (STA) plays a crucial role in realizing timing convergence of integrated circuits. In recent years, there has been growing research on pre-routing timing prediction using Graph Neural Networks (GNNs). However, existing approaches struggle with scalability on large graphs and lack generalizability to new designs, limiting their applicability to large-scale, complex circuit problems. To address this issue, this paper proposes a timing engine based on Graph Attention Network (GAT) to predict the slack of timing endpoints. Firstly, our model computes net embeddings for each node prior to training using a gated self-attention module. Subsequently, inspired by the Nonlinear Delay Model (NLDM), the node embeddings are propagated through multiple levels by alternately applying net propagation layers and cell propagation layers. Evaluated on 21 real circuits, the framework achieved a 16.62% improvement in average R2 score for slack prediction and a 15.55% reduction in runtime compared to the state-of-the-art (SOTA) method.",html/automation-06-00020.html,metadata/meatdatagenerated/json/automation-06-00020.json
electronics-14-00329-v2.pdf,A GNN-Based Placement Optimization Guidance Framework by Physical and Timing Prediction,"Peng Cao,Zhi Li and Wenjie Ding",Placement is crucial in physical design flow with significant impact on later routability and ultimate manufacturability in terms of performance,2024,10.3390/electronics14020329,12,6985,"Placement is crucial in physical design flow with significant impact on later routability and ultimate manufacturability in terms of performance, power, and area (PPA), which may deviate from finding the optimal solution and/or lead to unnecessary iterations suffering from interleaved optimization steps and inaccurate PPA estimation. To solve this issue, we propose a physical- and timing-related placement optimization guidance framework which provides candidate gate sizing and buffer insertion solutions as well as a path group for potential violated paths based on graph neural networks (GNNs) to improve placement quality significantly and efficiently. Experimental results on the OpenCores benchmarks with 22 nm technology demonstrate that the proposed placement optimization guidance framework achieves up to 35.66% and 43.51% worst negative slack (WNS) and total negative slack (TNS) improvement and 52.17% reduction in the number of violating paths (NVP), which is beneficial to later routing stages with 2.33% wirelength decrease.",html/electronics-14-00329-v2.html,metadata/meatdatagenerated/json/electronics-14-00329-v2.json
J153-TCAD2025-PRO-TIME.pdf,PRO-TIME: Prerouting Optimization-Aware Timing Prediction via Multimodal Learning,"Ziyi Wang , Siting Liu , Yuan Pu , Song Chen , Member, IEEE, Tsung-Yi Ho , Fellow, IEEE, and Bei Yu , Senior Member, IEEE",IEEE Transactions on Computer-Aided Design of Integrated Circuits and Systems,2025,10.1109/TCAD.2025.3569488,14,10991,"Fast and accurate prerouting timing prediction is crucial in the very-large-scale integration (VLSI) design flow. Existing machine learning (ML)-assisted prerouting timing evaluators neglect the impact of timing optimization, which may render their approaches impractical in real circuit design flows. To address the challenges posed by timing optimization, we propose PRO-TIME, a prerouting optimization-aware timing prediction framework that is driven by multimodal learning. Specifically, we propose a novel endpoint embedding framework that integrates both netlist and layout information. A customized graph neural network (GNN) model is used for extracting endpoint-wise netlist information, which is motivated by the delay propagation process. Meanwhile, we apply the U-net model with a masking strategy to extract endpoint-wise layout information. Furthermore, we propose an adaptive layout mask adjustment scheme to boost performance by leveraging the layout information more effectively. Comprehensive experiments on large-scale RISC-V designs with advanced 7-nm technology node demonstrate the superiority of our model compared to the stateof-the-art prerouting timing evaluators.",html/J153-TCAD2025-PRO-TIME.html,metadata/meatdatagenerated/json/J153-TCAD2025-PRO-TIME.json
Prerouting_Timing_Prediction_Across_Different_Technology_Nodes.pdf,Prerouting Timing Prediction Across Different Technology Nodes,"Xinyun Zhang , Binwu Zhu , Fangzhou Liu, Jiaxi Jiang, Ziyi Wang , Peng Xu , Hong Xu , Senior Member, IEEE, and Bei Yu , Senior Member, IEEE",IEEE Transactions on Computer-Aided Design of Integrated Circuits and Systems,2025,10.1109/TCAD.2024.3523426,14,11884,"In the domain of very-large-scale integration (VLSI) design, the accuracy of prerouting timing prediction is of paramount importance for ensuring the performance and reliability of integrated circuits. Traditional methods based on machine learning necessitate the availability of extensive and high-quality datasets. However, this requirement poses significant challenges for advanced technology nodes due to the laborious and time-intensive nature of data preparation. To address this critical issue, we introduce a novel transfer learning framework that leverages data from preceding technology nodes to facilitate learning and prediction on the target node. Our methodology commences with the disentanglement and alignment of timing path features across different nodes, ensuring the preservation and effective translation of intrinsic timing path properties. Subsequently, we employ a Bayesian-based model to predict the arrival times of individual timing paths. This model is particularly adept at managing the high-variability inherent in arrival times and exhibits strong generalization capabilities to novel design scenarios. Moreover, we propose a new algorithm to reweight the preceding node data during training by estimating their transferability through the cell type distribution. We validate the efficacy of our proposed framework through comprehensive experimental evaluations, demonstrating successful transfer learning from 130 or 45 to 7-nm technology nodes. The results underscore the potential of our approach to significantly mitigate the dependency on extensive data preparation while maintaining high accuracy in timing prediction for cutting-edge VLSI designs.",html/Prerouting_Timing_Prediction_Across_Different_Technology_Nodes.html,metadata/meatdatagenerated/json/Prerouting_Timing_Prediction_Across_Different_Technology_Nodes.json
Sign-Off_Timing_Considerations_via_Concurrent_Routing_Topology_Optimization.pdf,Sign-Off Timing Considerations via Concurrent Routing Topology Optimization,"Siting Liu , Ziyi Wang , Fangzhou Liu, Yibo Lin , Member, IEEE, Bei Yu , Senior Member, IEEE, and Martin D. F. Wong , Fellow, IEEE",IEEE Transactions on Computer-Aided Design of Integrated Circuits and Systems,2025,10.1109/TCAD.2024.3506216,12,9584,"Timing closure is considered across the circuit design flow. Generally, the early stage timing optimization can only focus on improving early timing metrics, e.g., rough timing estimation using linear RC model or prerouting path length, since obtaining sign-off performance needs a time-consuming routing flow. However, there is no consistency guarantee between early stage metrics and sign-off timing performance. Therefore, we utilize the power of deep learning techniques to bridge the gap between the early stage analysis and the sign-off analysis. A well-designed deep learning framework guides the adjustment of Steiner points to enable explicit early stage timing optimization. Cooperating with deep Steiner point adjustment, we propose the routing topology reconstruction to accelerate the convergence and hold a reasonable routing topology. Further, we also introduce Steiner point simplification as a post-processing technique to avoid unnecessary routing constraints. This article demonstrates the ability of the learning-assist framework to perform robust and efficient timing optimization in the early stage with comprehensive and convincing experimental results on real-world designs. With Steiner point adjustment alone, TSteinerPt, can help the state-of-the-art open-source router to obtain 11.2% and 7.1% improvement for the sign-off worst-negative slack and total negative slack, respectively. Under the additional joint optimization with routing topology reconstruction and simplification, TSteinerRec can further save 25.9% optimization duration with a better-sign-off performance.",html/Sign-Off_Timing_Considerations_via_Concurrent_Routing_Topology_Optimization.html,metadata/meatdatagenerated/json/Sign-Off_Timing_Considerations_via_Concurrent_Routing_Topology_Optimization.json
